dataset,k_sec,attack_type,n_attack,auc
Intelligent Electronic Device,0.5,ALL attacks,116308,0.9757
Intelligent Electronic Device,0.5,address scan,1474,0.9922
Intelligent Electronic Device,0.5,function code scan,5480,0.996
Intelligent Electronic Device,0.5,device ID attack,1016,0.9575
Intelligent Electronic Device,0.5,naive sensor read,13184,0.8508
Intelligent Electronic Device,0.5,sporadic sensor injection,8600,0.9823
Intelligent Electronic Device,0.5,force listen mode,148,0.6953
Intelligent Electronic Device,0.5,restart communication,1598,0.6477
Intelligent Electronic Device,0.5,data flood attack,84808,0.9997
Intelligent Electronic Device,1.0,ALL attacks,116308,0.9775
Intelligent Electronic Device,1.0,address scan,1474,0.9905
Intelligent Electronic Device,1.0,function code scan,5480,0.994
Intelligent Electronic Device,1.0,device ID attack,1016,0.9511
Intelligent Electronic Device,1.0,naive sensor read,13184,0.8554
Intelligent Electronic Device,1.0,sporadic sensor injection,8600,0.9851
Intelligent Electronic Device,1.0,force listen mode,148,0.7425
Intelligent Electronic Device,1.0,restart communication,1598,0.7367
Intelligent Electronic Device,1.0,data flood attack,84808,0.9997
Intelligent Electronic Device,2.0,ALL attacks,116308,0.9794
Intelligent Electronic Device,2.0,address scan,1474,0.9826
Intelligent Electronic Device,2.0,function code scan,5480,0.989
Intelligent Electronic Device,2.0,device ID attack,1016,0.9166
Intelligent Electronic Device,2.0,naive sensor read,13184,0.8878
Intelligent Electronic Device,2.0,sporadic sensor injection,8600,0.9798
Intelligent Electronic Device,2.0,force listen mode,148,0.7944
Intelligent Electronic Device,2.0,restart communication,1598,0.6821
Intelligent Electronic Device,2.0,data flood attack,84808,0.9997
Intelligent Electronic Device,4.0,ALL attacks,116308,0.9778
Intelligent Electronic Device,4.0,address scan,1474,0.9677
Intelligent Electronic Device,4.0,function code scan,5480,0.9775
Intelligent Electronic Device,4.0,device ID attack,1016,0.8536
Intelligent Electronic Device,4.0,naive sensor read,13184,0.8849
Intelligent Electronic Device,4.0,sporadic sensor injection,8600,0.9624
Intelligent Electronic Device,4.0,force listen mode,148,0.7926
Intelligent Electronic Device,4.0,restart communication,1598,0.7773
Intelligent Electronic Device,4.0,data flood attack,84808,0.9996
Intelligent Electronic Device,8.0,ALL attacks,116308,0.9742
Intelligent Electronic Device,8.0,address scan,1474,0.9445
Intelligent Electronic Device,8.0,function code scan,5480,0.9596
Intelligent Electronic Device,8.0,device ID attack,1016,0.8974
Intelligent Electronic Device,8.0,naive sensor read,13184,0.8824
Intelligent Electronic Device,8.0,sporadic sensor injection,8600,0.9417
Intelligent Electronic Device,8.0,force listen mode,148,0.7171
Intelligent Electronic Device,8.0,restart communication,1598,0.7298
Intelligent Electronic Device,8.0,data flood attack,84808,0.9992
Intelligent Electronic Device,16.0,ALL attacks,116308,0.9677
Intelligent Electronic Device,16.0,address scan,1474,0.903
Intelligent Electronic Device,16.0,function code scan,5480,0.9205
Intelligent Electronic Device,16.0,device ID attack,1016,0.8669
Intelligent Electronic Device,16.0,naive sensor read,13184,0.8764
Intelligent Electronic Device,16.0,sporadic sensor injection,8600,0.9132
Intelligent Electronic Device,16.0,force listen mode,148,0.5665
Intelligent Electronic Device,16.0,restart communication,1598,0.7123
Intelligent Electronic Device,16.0,data flood attack,84808,0.9984
Intelligent Electronic Device,32.0,ALL attacks,116308,0.9585
Intelligent Electronic Device,32.0,address scan,1474,0.8258
Intelligent Electronic Device,32.0,function code scan,5480,0.8489
Intelligent Electronic Device,32.0,device ID attack,1016,0.7968
Intelligent Electronic Device,32.0,naive sensor read,13184,0.8755
Intelligent Electronic Device,32.0,sporadic sensor injection,8600,0.8918
Intelligent Electronic Device,32.0,force listen mode,148,0.4517
Intelligent Electronic Device,32.0,restart communication,1598,0.6202
Intelligent Electronic Device,32.0,data flood attack,84808,0.9968
Intelligent Electronic Device,60.0,ALL attacks,116308,0.9447
Intelligent Electronic Device,60.0,address scan,1474,0.7211
Intelligent Electronic Device,60.0,function code scan,5480,0.7496
Intelligent Electronic Device,60.0,device ID attack,1016,0.6744
Intelligent Electronic Device,60.0,naive sensor read,13184,0.8489
Intelligent Electronic Device,60.0,sporadic sensor injection,8600,0.9102
Intelligent Electronic Device,60.0,force listen mode,148,0.358
Intelligent Electronic Device,60.0,restart communication,1598,0.5347
Intelligent Electronic Device,60.0,data flood attack,84808,0.9916
Smart Grid,0.5,ALL attacks,88086,0.993
Smart Grid,0.5,address scan,28,0.6386
Smart Grid,0.5,function code scan,810,0.961
Smart Grid,0.5,device ID attack,128,0.6862
Smart Grid,0.5,naive sensor read,1606,0.7344
Smart Grid,0.5,sporadic sensor injection,370,0.9964
Smart Grid,0.5,force listen mode,16,0.4271
Smart Grid,0.5,restart communication,198,0.7058
Smart Grid,0.5,data flood attack,84930,0.9995
Smart Grid,1.0,ALL attacks,88086,0.9987
Smart Grid,1.0,address scan,28,0.9663
Smart Grid,1.0,function code scan,810,0.9942
Smart Grid,1.0,device ID attack,128,0.9533
Smart Grid,1.0,naive sensor read,1606,0.9698
Smart Grid,1.0,sporadic sensor injection,370,0.9968
Smart Grid,1.0,force listen mode,16,0.9556
Smart Grid,1.0,restart communication,198,0.9556
Smart Grid,1.0,data flood attack,84930,0.9995
Smart Grid,2.0,ALL attacks,88086,0.9985
Smart Grid,2.0,address scan,28,0.9451
Smart Grid,2.0,function code scan,810,0.989
Smart Grid,2.0,device ID attack,128,0.9342
Smart Grid,2.0,naive sensor read,1606,0.9735
Smart Grid,2.0,sporadic sensor injection,370,0.995
Smart Grid,2.0,force listen mode,16,0.945
Smart Grid,2.0,restart communication,198,0.945
Smart Grid,2.0,data flood attack,84930,0.9994
Smart Grid,4.0,ALL attacks,88086,0.9981
Smart Grid,4.0,address scan,28,0.9215
Smart Grid,4.0,function code scan,810,0.9786
Smart Grid,4.0,device ID attack,128,0.9167
Smart Grid,4.0,naive sensor read,1606,0.9692
Smart Grid,4.0,sporadic sensor injection,370,0.9955
Smart Grid,4.0,force listen mode,16,0.9216
Smart Grid,4.0,restart communication,198,0.9358
Smart Grid,4.0,data flood attack,84930,0.9992
Smart Grid,8.0,ALL attacks,88086,0.9971
Smart Grid,8.0,address scan,28,0.8883
Smart Grid,8.0,function code scan,810,0.9579
Smart Grid,8.0,device ID attack,128,0.9544
Smart Grid,8.0,naive sensor read,1606,0.9581
Smart Grid,8.0,sporadic sensor injection,370,0.9945
Smart Grid,8.0,force listen mode,16,0.7889
Smart Grid,8.0,restart communication,198,0.9133
Smart Grid,8.0,data flood attack,84930,0.9986
Smart Grid,16.0,ALL attacks,88086,0.995
Smart Grid,16.0,address scan,28,0.8293
Smart Grid,16.0,function code scan,810,0.9203
Smart Grid,16.0,device ID attack,128,0.9194
Smart Grid,16.0,naive sensor read,1606,0.9455
Smart Grid,16.0,sporadic sensor injection,370,0.9911
Smart Grid,16.0,force listen mode,16,0.7127
Smart Grid,16.0,restart communication,198,0.8802
Smart Grid,16.0,data flood attack,84930,0.9972
Smart Grid,32.0,ALL attacks,88086,0.9908
Smart Grid,32.0,address scan,28,0.7387
Smart Grid,32.0,function code scan,810,0.8621
Smart Grid,32.0,device ID attack,128,0.8368
Smart Grid,32.0,naive sensor read,1606,0.9139
Smart Grid,32.0,sporadic sensor injection,370,0.9741
Smart Grid,32.0,force listen mode,16,0.6362
Smart Grid,32.0,restart communication,198,0.8065
Smart Grid,32.0,data flood attack,84930,0.9944
Smart Grid,60.0,ALL attacks,88086,0.9822
Smart Grid,60.0,address scan,28,0.5414
Smart Grid,60.0,function code scan,810,0.7713
Smart Grid,60.0,device ID attack,128,0.7515
Smart Grid,60.0,naive sensor read,1606,0.8409
Smart Grid,60.0,sporadic sensor injection,370,0.9425
Smart Grid,60.0,force listen mode,16,0.451
Smart Grid,60.0,restart communication,198,0.6787
Smart Grid,60.0,data flood attack,84930,0.9884
Water Bottle Factory,0.5,ALL attacks,96322,0.9975
Water Bottle Factory,0.5,address scan,190,0.9923
Water Bottle Factory,0.5,function code scan,1636,0.995
Water Bottle Factory,0.5,device ID attack,312,0.9719
Water Bottle Factory,0.5,naive sensor read,3328,0.9615
Water Bottle Factory,0.5,sporadic sensor injection,5200,0.9936
Water Bottle Factory,0.5,force listen mode,36,0.9443
Water Bottle Factory,0.5,restart communication,358,0.9436
Water Bottle Factory,0.5,data flood attack,85262,0.9995
Water Bottle Factory,1.0,ALL attacks,96322,0.9964
Water Bottle Factory,1.0,address scan,190,0.982
Water Bottle Factory,1.0,function code scan,1636,0.9911
Water Bottle Factory,1.0,device ID attack,312,0.9586
Water Bottle Factory,1.0,naive sensor read,3328,0.9402
Water Bottle Factory,1.0,sporadic sensor injection,5200,0.9923
Water Bottle Factory,1.0,force listen mode,36,0.9103
Water Bottle Factory,1.0,restart communication,358,0.9063
Water Bottle Factory,1.0,data flood attack,85262,0.9995
Water Bottle Factory,2.0,ALL attacks,96322,0.9957
Water Bottle Factory,2.0,address scan,190,0.9706
Water Bottle Factory,2.0,function code scan,1636,0.982
Water Bottle Factory,2.0,device ID attack,312,0.9236
Water Bottle Factory,2.0,naive sensor read,3328,0.9423
Water Bottle Factory,2.0,sporadic sensor injection,5200,0.9882
Water Bottle Factory,2.0,force listen mode,36,0.8971
Water Bottle Factory,2.0,restart communication,358,0.8748
Water Bottle Factory,2.0,data flood attack,85262,0.9994
Water Bottle Factory,4.0,ALL attacks,96322,0.9947
Water Bottle Factory,4.0,address scan,190,0.9541
Water Bottle Factory,4.0,function code scan,1636,0.9656
Water Bottle Factory,4.0,device ID attack,312,0.8949
Water Bottle Factory,4.0,naive sensor read,3328,0.9388
Water Bottle Factory,4.0,sporadic sensor injection,5200,0.9817
Water Bottle Factory,4.0,force listen mode,36,0.8639
Water Bottle Factory,4.0,restart communication,358,0.8743
Water Bottle Factory,4.0,data flood attack,85262,0.9993
Water Bottle Factory,8.0,ALL attacks,96322,0.993
Water Bottle Factory,8.0,address scan,190,0.9239
Water Bottle Factory,8.0,function code scan,1636,0.9372
Water Bottle Factory,8.0,device ID attack,312,0.9155
Water Bottle Factory,8.0,naive sensor read,3328,0.9257
Water Bottle Factory,8.0,sporadic sensor injection,5200,0.9776
Water Bottle Factory,8.0,force listen mode,36,0.7951
Water Bottle Factory,8.0,restart communication,358,0.8487
Water Bottle Factory,8.0,data flood attack,85262,0.9987
Water Bottle Factory,16.0,ALL attacks,96322,0.9902
Water Bottle Factory,16.0,address scan,190,0.8871
Water Bottle Factory,16.0,function code scan,1636,0.8967
Water Bottle Factory,16.0,device ID attack,312,0.8693
Water Bottle Factory,16.0,naive sensor read,3328,0.9114
Water Bottle Factory,16.0,sporadic sensor injection,5200,0.9771
Water Bottle Factory,16.0,force listen mode,36,0.6923
Water Bottle Factory,16.0,restart communication,358,0.822
Water Bottle Factory,16.0,data flood attack,85262,0.9974
Water Bottle Factory,32.0,ALL attacks,96322,0.9848
Water Bottle Factory,32.0,address scan,190,0.8322
Water Bottle Factory,32.0,function code scan,1636,0.8435
Water Bottle Factory,32.0,device ID attack,312,0.7988
Water Bottle Factory,32.0,naive sensor read,3328,0.8919
Water Bottle Factory,32.0,sporadic sensor injection,5200,0.9592
Water Bottle Factory,32.0,force listen mode,36,0.6266
Water Bottle Factory,32.0,restart communication,358,0.7563
Water Bottle Factory,32.0,data flood attack,85262,0.9948
Water Bottle Factory,60.0,ALL attacks,96322,0.9698
Water Bottle Factory,60.0,address scan,190,0.7426
Water Bottle Factory,60.0,function code scan,1636,0.7531
Water Bottle Factory,60.0,device ID attack,312,0.6732
Water Bottle Factory,60.0,naive sensor read,3328,0.8079
Water Bottle Factory,60.0,sporadic sensor injection,5200,0.9133
Water Bottle Factory,60.0,force listen mode,36,0.4827
Water Bottle Factory,60.0,restart communication,358,0.6468
Water Bottle Factory,60.0,data flood attack,85262,0.9869
